{"train_loss": [1.1967477934180926, 0.6617679627187465, 0.3819566898484977, 0.35609324033870254, 0.1997043256780746, 0.17323607274617886, 0.1324282343738901, 0.12181006483694862, 0.09853501054136672, 0.07579553519084362, 0.0714942870951907, 0.06182692154171317, 0.05122661011804933, 0.04802288605868092, 0.04258296162365874, 0.038703962477782, 0.03637119798595522, 0.0272958463291272, 0.049490504597818966, 0.022088977283578663, 0.018865220590065603, 0.026532437536621087, 0.01732470040396761, 0.019956085459820225, 0.01993659966363753, 0.03205344779820998, 0.01671479702130327, 0.020114680483202807, 0.021794943332268685, 0.013996567044385148, 0.013496434568184732, 0.013596639590398, 0.011832159839464491, 0.01121163188102592, 0.010345047225361687, 0.010616923570219157, 0.009824743587491372, 0.010592655259023231, 0.009893638928152856, 0.01011121230660907], "val_loss": [0.779219481898696, 1.0399192807451871, 0.5090379436915402, 0.2835288711358333, 0.42350118843667733, 0.10599310298516855, 0.10311336473941404, 0.08391994678236787, 0.05524051156235166, 0.10686336617953027, 0.03373294901125409, 0.022441842290322974, 0.030786112440200523, 0.43660817854219564, 0.029144422095521642, 0.09270663757203779, 0.018451967473117524, 0.18857863441028197, 0.012996723000461768, 0.010868061816715433, 0.011116492233327174, 0.010942658025086512, 0.012132397146190672, 0.010145017409014193, 0.05090524082485602, 0.010613931638252206, 0.010728147319090177, 0.03478043823212379, 0.00999836567316018, 0.009827017553880777, 0.011005398953504338, 0.00878193081715047, 0.008636129625544395, 0.009209644431768747, 0.00818758121183273, 0.009749626800918352, 0.009113069485019162, 0.00897026746205708, 0.008850366216332797, 0.008954020707471488], "train_pos_acc": [0.5261194029850746, 0.7556404026379729, 0.8650642138146477, 0.8801197500867755, 0.9320114543561263, 0.9393439777854912, 0.9530111072544255, 0.9586948976049983, 0.9682401943769524, 0.978349531412704, 0.9802152030544949, 0.9844238111766748, 0.9872006247830615, 0.9891096841374523, 0.9897604998264492, 0.9913658451926415, 0.9923637625824366, 0.9940992710864284, 0.9885022561610551, 0.9957046164526206, 0.996659146129816, 0.9941426587990281, 0.996659146129816, 0.9957480041652204, 0.9963120444290177, 0.9926240888580354, 0.9972231863936133, 0.9962252690038181, 0.9952707393266227, 0.9977004512322111, 0.9975269003818119, 0.9973967372440125, 0.9977872266574106, 0.9981343283582089, 0.9985248177716071, 0.9981343283582089, 0.9983946546338077, 0.9981343283582089, 0.9982644914960084, 0.9980041652204096], "val_pos_acc": [0.6616724033205102, 0.6489167847742457, 0.8038064385503139, 0.8797327394209354, 0.8214213403522981, 0.9607207936829317, 0.9588985624620369, 0.9686171289734764, 0.9850172099615306, 0.9603158534116217, 0.9925086049807653, 0.9951407167442802, 0.9898764932172505, 0.9020044543429844, 0.9955456570155902, 0.9726665316865762, 0.9973678882364851, 0.9058513869204292, 0.99838023891476, 0.99838023891476, 0.99838023891476, 0.99838023891476, 0.99878517918607, 0.9981777687791051, 0.9900789633529055, 0.99878517918607, 0.99838023891476, 0.9935209556590403, 0.99838023891476, 0.9977728285077951, 0.9973678882364851, 0.99878517918607, 0.998582709050415, 0.99838023891476, 0.998582709050415, 0.9981777687791051, 0.9981777687791051, 0.99838023891476, 0.99838023891476, 0.9981777687791051], "train_volt_mae": [1.5175665913667582, 1.2219375381449866, 1.042824661346907, 1.0124055797215428, 0.9200452011271262, 0.926054091389003, 0.9066755563920672, 0.8912327873835089, 0.8854372852256587, 0.8748042544570493, 0.8817011537091759, 0.8505627309560196, 0.8418726940115306, 0.8227157591118328, 0.8253098222705401, 0.8091349287274727, 0.8191792978796848, 0.7593148660841852, 0.8533115966251351, 0.7552354701977975, 0.7277651418211227, 0.7591934969176107, 0.7032952105076269, 0.7275550538406981, 0.7236435326467326, 0.7512692273056205, 0.6884142819563162, 0.7173471374670609, 0.7208982176848561, 0.6792351603714885, 0.6675854797621479, 0.6628570141621821, 0.6451151761401241, 0.6417942546548548, 0.6246637380276236, 0.6226175626256903, 0.6142743768811184, 0.6106700532265067, 0.6181018919797459, 0.6107058557980758], "val_volt_mae": [1.2040773103246325, 0.9749528450820097, 1.048699773451316, 0.8926566603406283, 0.8360777199570045, 0.7815059571885029, 0.6619438931005014, 0.8630067393180691, 0.7980653830785263, 0.9546555372162081, 0.793735270124622, 0.5766012611165175, 0.6882257857383517, 0.8773548450999039, 0.821504913715487, 0.8604042161739556, 0.73985704513522, 0.8859014070861903, 0.5795764760899625, 0.5101859157783923, 0.5248178633438669, 0.49529421322257394, 0.723041044359966, 0.5751192418639296, 1.3108658032707898, 0.5736095598772678, 0.5876709224965848, 0.7662752931188972, 0.5543343658315965, 0.4596799779792719, 0.5078560310135151, 0.445738579826718, 0.4341172438252911, 0.42353105014044884, 0.39952863665046084, 0.4054780986343325, 0.4100229854548984, 0.43943381671554094, 0.4079770786990567, 0.39395937125049013]}