{
  "RF": {
    "det_acc": 100.0,
    "precision": 99.99999999999997,
    "recall": 99.99999999999997,
    "nonpd_rejection": 100.0,
    "mae": 0.47799149625430254,
    "rmse": 10.939987226236818,
    "r2": 0.9996806519353265,
    "within_50m": 99.77728285077951,
    "within_100m": 99.878517918607,
    "train_time_s": 34.37550592422485
  },
  "SVM": {
    "det_acc": 100.0,
    "precision": 99.99999999999997,
    "recall": 99.99999999999997,
    "nonpd_rejection": 100.0,
    "mae": 12.904623289873873,
    "rmse": 43.85789515984826,
    "r2": 0.9948675322531552,
    "within_50m": 96.01133832759669,
    "within_100m": 98.48147398258756,
    "train_time_s": 16.669528007507324
  },
  "XGBoost": {
    "det_acc": 100.0,
    "precision": 99.99999999999997,
    "recall": 99.99999999999997,
    "nonpd_rejection": 100.0,
    "mae": 0.4279033678653004,
    "rmse": 6.163847549194173,
    "r2": 0.9998986241668957,
    "within_50m": 99.878517918607,
    "within_100m": 99.919011945738,
    "train_time_s": 1.9881319999694824
  },
  "MLP": {
    "det_acc": 100.0,
    "precision": 99.99999999999997,
    "recall": 99.99999999999997,
    "nonpd_rejection": 100.0,
    "mae": 8.198894328495635,
    "rmse": 22.278001592911266,
    "r2": 0.998675709937571,
    "within_50m": 98.86616724033205,
    "within_100m": 99.69629479651752,
    "train_time_s": 146.0894365310669
  },
  "RF_volt_invariant": {
    "mae": 3.062558502340091,
    "rmse": 10.990290708602487,
    "r2": 0.999685628627041,
    "within_50m": 99.5631825273011,
    "within_100m": 99.95319812792512
  }
}