{"train_loss": [1.1242197555454603, 0.5628373149119082, 0.34323469051591476, 0.23078787225437264, 0.22393958012714688, 0.17107526607829554, 0.14223018714803162, 0.1386691075890315, 0.09663090039159701, 0.08615160671524065, 0.09588810143341252, 0.08004953582919501, 0.07730051670553204, 0.07631536759112867, 0.08169675058129552, 0.06600200876733239, 0.05581558600626692, 0.0820437261879351, 0.05433420938947514, 0.05415162311899852, 0.04888288011720759, 0.0467214884959919, 0.05031415887619215, 0.04731463839929371, 0.04613975647620983, 0.06555152159469982, 0.05062192529568423, 0.04133596062512809, 0.03951686666906656, 0.03917611554376225, 0.03459816099607109, 0.03365533588488393, 0.03256481134115968, 0.03125781286055276, 0.03054568496251822, 0.02970622710467254, 0.02791605045367905, 0.026719217102021672, 0.025082326910520893, 0.02484970546661463], "val_loss": [0.9734006249293984, 0.3765479152526998, 0.24363603601754497, 2.2642853015780715, 0.12545133855153878, 0.1317417398057418, 0.09249459298775972, 0.07436442903410262, 0.0681521342277201, 0.09155681965169109, 0.08634240026837492, 0.31798204839965744, 0.0920901682384736, 0.0948121872334378, 0.06012805491779395, 0.07333749440868426, 0.05271809338496532, 0.05274129256710614, 0.14176379842115622, 0.03888521197277526, 0.05005644882803969, 0.034203605536482204, 0.048114746499405565, 0.040650760567615345, 0.07146975541633963, 0.03706739032988484, 0.03393509501161538, 0.04720302926703198, 0.04670487825303748, 0.04183738672884201, 0.04107251369592968, 0.026091472333862758, 0.030635213258825764, 0.033081297736678845, 0.02859855986848854, 0.024415322264800643, 0.024337224785339645, 0.022179448126929128, 0.024491884524715235, 0.019947151802695715], "train_acc": [0.5474661575841722, 0.7867927802846234, 0.8759545296771954, 0.9158278375564041, 0.9182575494619923, 0.9360898993405068, 0.9448542172856647, 0.946459562651857, 0.9612981603609858, 0.9677195418257549, 0.9642051371051719, 0.9685872960777507, 0.97084345713294, 0.9700624783061437, 0.9693248871919472, 0.9753557792433183, 0.9785664699757028, 0.9697153766053453, 0.9796945505032975, 0.9783929191253037, 0.9811263450190906, 0.9815168344324887, 0.9809094064560916, 0.9814734467198889, 0.9824713641096842, 0.9751822283929191, 0.9812998958694897, 0.9830354043734815, 0.984380423464075, 0.9840767094758764, 0.9865064213814647, 0.9858122179798681, 0.986679972231864, 0.9878080527594585, 0.9875911141964595, 0.988328705310656, 0.9893266227004512, 0.9893266227004512, 0.9904547032280459, 0.9899340506768484], "val_acc": [0.5608422757643248, 0.8463251670378619, 0.9232638185867584, 0.6130795707633124, 0.9455355335088075, 0.953431868799352, 0.9635553755821017, 0.9655800769386516, 0.9700344199230614, 0.9627454950394817, 0.9649726665316866, 0.9038266855638794, 0.9641627859890666, 0.9597084430046569, 0.977525814942296, 0.9696294796517514, 0.9789431058918809, 0.9771208746709861, 0.9463454140514275, 0.9848147398258756, 0.977525814942296, 0.9854221502328406, 0.977728285077951, 0.9821826280623608, 0.9728690018222312, 0.9840048592832558, 0.9842073294189108, 0.978335695484916, 0.9817776877910508, 0.9799554565701559, 0.9809678072484309, 0.9902814334885605, 0.9866369710467706, 0.9848147398258756, 0.9866369710467706, 0.9904839036242155, 0.9906863737598705, 0.9910913140311804, 0.9894715529459405, 0.9925086049807653]}