{"train_loss": [1.1183648006612865, 0.5482204849172669, 0.332630666815639, 0.2534403074537706, 0.17468472937585955, 0.17102346600704665, 0.13151664417694894, 0.10717609543371501, 0.09118943890542312, 0.09628474535776735, 0.06096826988946832, 0.05274206340413454, 0.04447949566895817, 0.03602853411644478, 0.034978317607738646, 0.021714417617584577, 0.031618953813308724, 0.030532394674930505, 0.0197898336981318, 0.018287230174426856, 0.017089204431474023, 0.016691729026879727, 0.031214870563869818, 0.012904657884851747, 0.011570376661959108, 0.012162352550888201, 0.012102201491910347, 0.010827395640203212, 0.01091778156334267, 0.011183782059665248, 0.008813002980541055, 0.007621050537179976, 0.008791128768098762, 0.007175309699825755, 0.007711181698595264, 0.00706040904048871, 0.006731311958083186, 0.006664061089432994, 0.0058831599766339115, 0.006603413109654954], "val_loss": [0.6939945608122736, 0.6423753026803575, 0.33837731733221454, 0.5167574765935143, 0.21465233226047803, 2.4727267276827205, 0.23265701087351837, 0.06980263984768219, 0.0568166746715315, 0.033194678807944855, 0.05943795438722907, 0.019635225415708335, 0.031206011333769254, 0.014469892107844147, 0.014412552098635454, 0.016662743559473347, 0.014168406879298047, 0.010443912957538137, 0.021789067321587606, 0.010884471824850086, 0.026537465317785374, 0.029904417345481056, 0.011376967591137212, 0.008466572195197053, 0.007950251497949982, 0.008831608488008824, 0.007668306973313362, 0.010642222357849352, 0.008932880950650802, 0.00814598265737637, 0.006580534406717939, 0.007051757615137429, 0.006087018801465879, 0.0061832335209734135, 0.006171718716814898, 0.006497243074528452, 0.00656025202273921, 0.005620038070123469, 0.0054138700990391895, 0.005999415615420354], "train_acc": [0.5375366048451504, 0.7915076759251043, 0.8764752861833348, 0.9062915964149436, 0.93717277486911, 0.9340225397107108, 0.9503948886325317, 0.9602449196911882, 0.9689413435087408, 0.9688526044901944, 0.9813204365959712, 0.9842044546987311, 0.9869997337829444, 0.9901943384506168, 0.9895287958115183, 0.9942763333037536, 0.9901943384506168, 0.9911260981453545, 0.9949862454521253, 0.9948975064335789, 0.995119353979945, 0.9947643979057592, 0.9912592066731742, 0.9962729612210489, 0.9963617002395954, 0.9962285917117757, 0.996494808767415, 0.9969385038601473, 0.9971159818972403, 0.9966279172952347, 0.9974265684621528, 0.9975153074806993, 0.997470937971426, 0.9982252196290708, 0.997470937971426, 0.9977371550270654, 0.9978702635548851, 0.9980921111012512, 0.9979590025734315, 0.9978702635548851], "val_acc": [0.7634489693313222, 0.7765208647561589, 0.8421317244846657, 0.7848164906988436, 0.9183006535947712, 0.6189039718451483, 0.8966817496229261, 0.9756158873805932, 0.9791352438411262, 0.9964806435394671, 0.9856711915535445, 0.9972347913524384, 0.9939668174962293, 0.9979889391654098, 0.9972347913524384, 0.9962292609351433, 0.9974861739567622, 0.9984917043740573, 0.9959778783308195, 0.9972347913524384, 0.9934640522875817, 0.989693313222725, 0.9979889391654098, 0.9987430869783811, 0.9982403217697335, 0.9984917043740573, 0.9982403217697335, 0.9979889391654098, 0.9987430869783811, 0.9982403217697335, 0.9987430869783811, 0.9987430869783811, 0.9982403217697335, 0.9984917043740573, 0.9984917043740573, 0.9982403217697335, 0.9984917043740573, 0.9984917043740573, 0.9987430869783811, 0.9984917043740573]}